heading,count
ANESTHESIA,1284
PROCEDURE,1258
PREOPERATIVE DIAGNOSIS,1134
POSTOPERATIVE DIAGNOSIS,1051
PHYSICAL EXAMINATION,872
ALLERGIES,864
PAST MEDICAL HISTORY,814
SOCIAL HISTORY,757
REVIEW OF SYSTEMS,751
COMPLICATIONS,745
HEENT,670
FINDINGS,649
FAMILY HISTORY,628
ESTIMATED BLOOD LOSS,605
PROCEDURE PERFORMED,597
ABDOMEN,519
POSTOPERATIVE DIAGNOSES,495
PREOPERATIVE DIAGNOSES,452
NECK,442
EXTREMITIES,430
HISTORY,415
DESCRIPTION OF PROCEDURE,396
INDICATIONS,373
PAST SURGICAL HISTORY,362
EXAM,361
PROCEDURE IN DETAIL,341
LUNGS,327
HEART,303
VITAL SIGNS,289
GENERAL,288
CARDIOVASCULAR,284
NEUROLOGIC,266
LABORATORY DATA,258
SUBJECTIVE,245
SKIN,240
CHEST,233
DISPOSITION,180
HOSPITAL COURSE,175
SPECIMENS,168
ASSESSMENT AND PLAN,167
TECHNIQUE,165
OBJECTIVE,162
PROCEDURES,161
MUSCULOSKELETAL,160
RECOMMENDATIONS,157
OPERATIVE PROCEDURE,156
CC,154
INDICATIONS FOR PROCEDURE,152
PMH,150
HX,148
DRAINS,144
OPERATION PERFORMED,143
INDICATION,141
COURSE,140
REASON FOR CONSULTATION,136
RESPIRATORY,135
PHYSICAL EXAM,132
MS,129
PROCEDURES PERFORMED,127
MEDS,127
CN,123
REASON FOR EXAM,121
GU,116
OPERATION,113
FHX,105
SHX,105
FLUIDS,104
TITLE OF OPERATION,102
SPECIMEN,101
BRIEF HISTORY,97
GENITOURINARY,94
REASON FOR VISIT,91
GASTROINTESTINAL,90
DISCHARGE DIAGNOSES,85
DESCRIPTION OF OPERATION,82
PSYCHIATRIC,77
DIAGNOSES,76
DIAGNOSIS,73
NEUROLOGICAL,72
DISCHARGE MEDICATIONS,71
CONDITION,70
TOURNIQUET TIME,68
BLOOD LOSS,67
EYES,67
SUMMARY,65
GI,63
RECTAL,62
MOTOR,58
BACK,57
GROSS FINDINGS,57
ENDOCRINE,56
IMPRESSION AND PLAN,56
DISCHARGE INSTRUCTIONS,55
IMMUNIZATIONS,55
PREOP DIAGNOSIS,55
DISCUSSION,55
URINE OUTPUT,54
CARDIAC,53
PROCEDURE DETAILS,53
INDICATION FOR SURGERY,53
OPERATIVE FINDINGS,52
INTERPRETATION,52
PROCEDURE DETAIL,51
DISCHARGE DIAGNOSIS,48
INDICATIONS FOR OPERATION,47
INTRAOPERATIVE FINDINGS,47
POSTOP DIAGNOSIS,47
ENT,46
PROCEDURE NOTE,45
CLINICAL HISTORY,45
CNS,45
GENITALIA,44
ASSESSMENT/PLAN,42
CLINICAL,41
PAST PSYCHIATRIC HISTORY,41
CONCLUSION,40
DIAGNOSTIC STUDIES,40
CONSTITUTIONAL,40
SURGICAL HISTORY,39
IMPRESSION/PLAN,38
INDICATIONS FOR SURGERY,38
OPERATIVE PROCEDURE IN DETAIL,38
AXIS II,38
AXIS III,38
QUESTION,38
LABORATORY STUDIES,37
DIAGNOSTIC DATA,37
DIET,36
OPERATIONS,36
OPERATIONS PERFORMED,35
PERSONAL HISTORY,35
DESCRIPTION OF THE PROCEDURE,35
SENSORY,35
REASON FOR CONSULT,35
HISTORY AND PHYSICAL,34
CV,34
EMERGENCY DEPARTMENT COURSE,33
FINAL DIAGNOSES,33
FAMILY MEDICAL HISTORY,33
EARS,33
BREASTS,33
ADMITTING DIAGNOSIS,32
AXIS IV,32
AXIS V,32
ANSWER,32
NAME OF OPERATION,31
LABORATORY,31
ROS,30
RECOMMENDATION,29
ADMISSION DIAGNOSES,29
DISCHARGE CONDITION,29
INDICATION FOR PROCEDURE,28
FLUIDS RECEIVED,28
PATHOLOGY,28
TREATMENT,28
GENERAL APPEARANCE,28
NEURO,28
LABS,28
REASON FOR REFERRAL,28
DETAILS OF THE PROCEDURE,27
DERMATOLOGIC,27
MEDICAL HISTORY,26
RE,25
ADMISSION DIAGNOSIS,25
PULMONARY,25
DETAILS OF PROCEDURE,25
MENTAL STATUS EXAMINATION,25
HEAD,25
FOLLOWUP,25
ACTIVITY,24
HEMOSTASIS,24
FINAL DIAGNOSIS,24
NEEDLE EMG,24
CORONARY RISK FACTORS,24
ADMITTING DIAGNOSES,23
INFORMED CONSENT,23
OPERATIVE NOTE,22
PREPROCEDURE DIAGNOSIS,22
NOSE,22
IDENTIFYING DATA,22
REASON FOR ADMISSION,21
EBL,21
INDICATIONS FOR THE PROCEDURE,21
MENTAL STATUS,21
CONCLUSIONS,21
COMPARISON,21
GEN EXAM,21
REFLEXES,21
NERVE CONDUCTION STUDIES,21
NOSE AND THROAT,21
LYMPHATIC,21
POSTPROCEDURE DIAGNOSIS,20
DESCRIPTION,19
PREOPERATIVE DIAGNOSIS (ES),19
NEUROLOGICAL EXAMINATION,19
CONDITION ON DISCHARGE,19
STUDIES,19
UROLOGICAL,19
BIRTH HISTORY,18
HEMODYNAMIC DATA,18
RIGHT CORONARY ARTERY,18
DELIVERY NOTE,18
LYMPHATICS,18
GAIT,18
PSYCHIATRIC HISTORY,18
OPERATIVE PROCEDURES,17
HEAD AND NECK,17
TITLE OF PROCEDURE,17
PRESCRIPTIONS,17
OPERATION IN DETAIL,17
POSTOPERATIVE DIAGNOSIS (ES),17
DESCRIPTION OF THE OPERATION,17
TOTAL TOURNIQUET TIME,17
HISTORY AND GROSS FINDINGS,17
OPERATIVE TECHNIQUE,17
MAJOR FINDINGS,17
SERVICE,17
SHX/FHX,17
LEGAL HISTORY,17
INTEGUMENTARY,17
TUBES AND DRAINS,16
HABITS,16
MEDICATION HISTORY,16
MEDICAL DECISION MAKING,16
HEMODYNAMICS,16
MENTAL STATUS EXAM,16
FAMILY SOCIAL HISTORY,16
INDICATION FOR OPERATION,15
COUNTS,15
IMAGING,15
DRAIN,15
SPECIFICATIONS,15
INDICATION FOR THE PROCEDURE,15
NARRATIVE,15
TITLE OF PROCEDURES,15
ANGIOGRAPHIC FINDINGS,15
PAST HISTORY,15
CT PELVIS,15
CT ABDOMEN,15
PSYCHOLOGICAL,15
URINE,14
ASSISTANT,14
EXAMINATION,14
PROBLEM LIST,14
COORD,14
FORMULATION,14
PROBLEMS/DIAGNOSES,14
CONDITION UPON DISPOSITION,14
PROCEDURE DONE,13
TEST RESULTS,13
INJECTABLES,13
IV FLUIDS,13
FLUOROSCOPY TIME,13
RADIOLOGY,13
EKG,13
INTERVAL HISTORY,13
ABNORMAL FINDINGS,12
DETAILS OF THE OPERATION,12
PATIENT INSTRUCTIONS,12
MANAGEMENT,12
LEFT MAIN CORONARY ARTERY,12
LEFT ANTERIOR DESCENDING ARTERY,12
INDICATIONS FOR THE OPERATION,12
LAB,12
COORDINATION,12
PROGNOSIS,12
LABORATORY FINDINGS,12
CVS,12
ED COURSE,12
SECONDARY DIAGNOSIS,12
CRANIAL NERVES,12
SECONDARY DIAGNOSES,12
LYMPH NODES,11
CLINICAL NOTE,11
INITIAL DIAGNOSES,11
IMPLANTS,11
RADIOLOGIC DATA,11
MOUTH AND THROAT,11
LYMPH,11
PELVIC,11
HEMATOLOGICAL,11
FINDINGS AND PROCEDURE,10
GROSS DESCRIPTION,10
SURGERY,10
MATERIALS USED,10
NAME OF PROCEDURE,10
COMPONENTS,10
TECHNIQUE AND FINDINGS,10
PRINCIPAL DIAGNOSIS,10
CIRCUMFLEX ARTERY,10
PREMEDICATION,10
INSTRUMENT,10
PREMEDICATIONS,10
ENDOSCOPIC IMPRESSION,10
ORAL CAVITY,10
PAST MEDICAL AND SURGICAL HISTORY,10
GENERAL EVALUATION,10
SOCIAL AND DEVELOPMENTAL HISTORY,10
ALLERGIES TO MEDICINES,10
PSH,10
THROAT,10
FOLLOW UP,10
CONSULTATIONS,10
GEN,10
EXT,10
DETAILS OF THE OR,9
SUMMARY OF PROCEDURE,9
CONSENT,9
PROCEDURE CODES,9
DESCRIPTION OF TECHNIQUE,9
GROSS OPERATIVE FINDINGS,9
DESCRIPTION OF FINDINGS,9
COR,9
CLINICAL INDICATION,9
PAST CARDIAC HISTORY,9
FAMILY AND SOCIAL HISTORY,9
FHX/SHX,9
FAMILY PSYCHIATRIC HISTORY,9
RELEVANT BACKGROUND INFORMATION,9
OTHER MEDICAL HISTORY,9
TASKS ADMINISTERED,9
PERSONAL AND SOCIAL HISTORY,9
DISCHARGE PHYSICAL EXAMINATION,9
SURGERIES,9
HEMATOLOGIC,9
LOWER EXTREMITIES,9
ALLERGIES TO MEDICATIONS,8
COURSE IN THE HOSPITAL,8
BRIEF HISTORY OF THE PATIENT,8
TUBES/DRAINS,8
DESCRIPTION OF PROCEDURE IN DETAIL,8
TUBES,8
INDICATIONS FOR THIS PROCEDURE,8
TECHNIQUE OF PROCEDURE,8
CURRENT DIAGNOSES,8
POSTOP DIAGNOSES,8
RISKS AND BENEFITS,8
SURGICAL INDICATIONS,8
LEFT ANTERIOR DESCENDING CORONARY ARTERY,8
LEFT VENTRICULOGRAM,8
REPORTED PROCEDURE,8
FACE,8
A/P,8
AND ALLERGY HISTORY,8
DATE OF EXAMINATION,8
BIOMETRY,8
HC,8
FL,8
AC,8
MYOCARDIAL PERFUSION IMAGING,8
COMPARISONS,8
MAMMOGRAPHY INFORMATION,8
PRESENT ILLNESS,8
ESTIMATED LENGTH OF STAY,8
SUBSTANCE AND ALCOHOL HISTORY,8
IMAGING STUDIES,8
STRENGTH,8
TIME SPENT,8
PROBLEMS DIAGNOSES,8
PROCEDURES AND IMMUNIZATIONS,8
EXTERNAL GENITALIA,8
FAMILY/SOCIAL HISTORY,8
CARDIOVASCULAR EXAM,8
PROCEDURES DURING THIS HOSPITALIZATION,8
DOB,8
LABORATORY VALUES,8
DRUG ALLERGIES,8
ALLOWED CONDITIONS,8
EMPLOYER,8
PROBLEM,8
HEAD & FACE,8
NASAL,8
ORAL,8
EMERGENCY DEPARTMENT TESTING,7
OPERATIVE INDICATIONS,7
COMMENTS,7
ADDITIONAL DETAILS,7
X-RAYS,7
OPERATIVE REPORT,7
REASON FOR PROCEDURE,7
COMMENT,7
RECOMMENDATIONS AND PLAN,7
DIAGNOSTIC STUDIES/LAB DATA,7
STUDY,7
ORAL STAGE,7
PHARYNGEAL STAGE,7
CERVICAL ESOPHAGEAL STAGE,7
REASON FOR EXAMINATION,7
C2-3,7
C3-4,7
C4-5,7
C5-6,7
C6-7,7
T1-2,7
AXIS I,7
WORK STATUS,7
NUTRITIONAL HISTORY,7
HIPS,7
DISCHARGE DIET,7
RADIOGRAPHS,7
GYN,7
SYSTEMS REVIEW,7
CENTRAL NERVOUS SYSTEM,7
OPERATION AND PROCEDURE,6
INDICATIONS AND FINDINGS,6
PREOPERATIVE DX,6
POSTOPERATIVE DX,6
ANESTHETIC,6
DEVELOPMENTAL,6
SOCIAL HABITS,6
DEVICES,6
PROCEDURE DESCRIPTION,6
GROSS INTRAOPERATIVE FINDINGS,6
INTRAVENOUS FLUIDS,6
TOURNIQUET,6
ANTICOAGULATION,6
CONTRAST,6
PRIOR SURGERIES AND INTERVENTIONS,6
TECHNIQUE IN DETAIL,6
HARDWARE,6
OPERATIVE REPORT IN DETAIL,6
APPROACH,6
NEEDLE AND SPONGE COUNT,6
LOCATION,6
SPECIMEN REMOVED,6
TECHNICAL PROCEDURE,6
LEFT CIRCUMFLEX CORONARY ARTERY,6
DURATION OF SURGERY,6
PREP,6
TITLE OF THE OPERATION,6
PATIENT HISTORY,6
LABORATORIES,6
PEX,6
CLINICAL INTERPRETATION,6
SIGNS AND SYMPTOMS,6
STRESS ECG RESULTS,6
PROCEDURE AND INTERPRETATION,6
INDICATION FOR STUDY,6
L5-S1,6
TYPE OF TEST,6
EEG,6
L2-3,6
L3-4,6
L4-5,6
CXR,6
HISTORY AND HOSPITAL COURSE,6
MOOD,6
AFFECT,6
GENETIC PSYCHIATRIC HISTORY,6
SUBSTANCE USE,6
DEVELOPMENTAL HISTORY,6
FAMILY BACKGROUND,6
ACADEMIC BACKGROUND,6
PREVIOUS COUNSELING,6
DIAGNOSTIC SUMMARY AND IMPRESSION,6
IMMUNIZATION HISTORY,6
PALPATION,6
MOUTH,6
SPINE,6
DISCHARGE WEIGHT,6
BIRTH/PAST MEDICAL HISTORY,6
DIFFERENTIAL DIAGNOSES,6
POST PROCEDURE INSTRUCTIONS,6
FUNCTIONAL EXAMINATION,6
DIAGNOSTICS,6
PRINCIPAL PROCEDURE,6
CONSULTS,6
HEMATOPOIETIC,6
HEMATOLOGIC/LYMPHATIC,6
RECTAL EXAM,6
PAST MEDICAL HX,6
PAST SURGICAL HX,6
SOCIAL HX,6
PE,6
PSYCH,6
REVIEW OF X-RAYS,6
COURSE IN THE ED,6
DATE OF INJURY,6
CONTESTED CONDITION,6
DIAGNOSTIC/LABORATORY DATA,6
ER COURSE,6
ILLNESSES,6
VISUAL,6
CARDIOVASCULAR SYSTEM,6
SPECIMEN TO PATHOLOGY,5
PERFORMANCE STATUS,5
LABORATORY WORK,5
FLUIDS GIVEN,5
FINDINGS AT THE TIME OF SURGERY,5
NEUROLOGICALLY,5
CONDITION OF THE PATIENT AT THE END OF THE PROCEDURE,5
NOTE,5
CULTURES,5
IDENTIFICATION,5
RESULTS,5
POSITION,5
PREPARATION,5
PRE-OP DIAGNOSIS,5
POST-OP DIAGNOSIS,5
LOCATION OF PROCEDURE,5
INDICATIONS OF PROCEDURE,5
PREVIOUS MEDICAL HISTORY,5
PROGNOSTIC IMPRESSION,5
PROBLEMS LIST,5
TEST & X-RAY RESULTS,5
INTERPRETATIONS,5
NUCLEAR INTERPRETATION,5
REASON FOR EVALUATION,5
CONDITION UPON DISCHARGE,5
TRAVEL HISTORY,5
LABORATORY EVALUATION,5
PRESENTATION,5
EMERGENCY ROOM COURSE,5
PREVIOUS SURGERIES,5
RECORDS REVIEW,5
CURRENT SYMPTOMS,5
MEDICATIONS ON TRANSFER,5
REASON FOR NEUROLOGICAL CONSULTATION,5
PERTINENT DATA,5
ONCOLOGIC,5
AND THROAT,5
VASCULAR,5
OB HISTORY,5
GYN HISTORY,5
OBSTETRICAL HISTORY,5
PRESENT COMPLAINTS,5
RX,5
PROCEDURES DURING HOSPITALIZATION,5
DISCHARGE INSTRUCTIONS/MEDICATIONS,5
DIAGNOSIS AT ADMISSION,5
EXTERNAL EXAMINATION,5
GASTROINTESTINAL SYSTEM,5
OPINION,5
MISCELLANEOUS/EATING HISTORY,4
DOPPLER,4
INDICATIONS FOR THE SURGERY,4
DESCRIPTION OF OPERATIVE PROCEDURE,4
FEEDING,4
REPLACEMENT,4
PAST MEDICAL HISTORY/SURGERIES/HOSPITALIZATIONS,4
NUTRITIONAL STATUS,4
SKELETAL,4
DISCHARGE NOTE,4
COUNT,4
DIAGNOSTIC & LAB ORDERS,4
CONDITION ON DISPOSITION,4
LABORATORY EXAM,4
SITE,4
SKIN PREPARATION,4
FINDING,4
SURGICAL FINDINGS,4
DESCRIPTION OF SURGERY,4
FLUID,4
CATHETERS USED,4
ANGIOGRAPHIC DATA,4
BRIEF NARRATIVE OF OPERATIVE PROCEDURE,4
BIOPSIES,4
FLUORO TIME,4
FINDINGS AT OPERATION,4
SURGERIES (INTERVENTIONS),4
CURRENT INTERVENTION,4
PROS DEV IMPLANT,4
LENS IMPLANT USED,4
DEVICE SETTINGS,4
COMPLICATION,4
INTERVENTION,4
PREOP SIZE,4
POSTOP SIZE,4
PLANNED RECONSTRUCTION,4
DISPOSITION OF SPECIMENS,4
CONDITION OF THE PATIENT AFTER SURGERY,4
HISTORY OF PROCEDURE,4
DRAINS AND SPECIMENS,4
CPT CODE,4
INTRAOPERATIVE COMPLICATIONS,4
LAD,4
RCA,4
LEFT VENTRICULOGRAPHY,4
OPERATIVE PREPARATION,4
SURGICAL PROCEDURE,4
SCOPE,4
SPONGE AND NEEDLE COUNT,4
CLINICAL INDICATIONS,4
PROCEDURE REPORT,4
TYPE OF PROCEDURE,4
PRIMARY DIAGNOSES,4
INDICATIONS FOR PROCEDURES,4
IMPLANTS USED,4
ACCESS,4
CORONARY ANGIOGRAM,4
ESTIMATED CONTRAST,4
SELECTIVE CORONARY ARTERIOGRAPHY,4
AORTIC ARCH ANGIOGRAM,4
CORONARY ANATOMY,4
LEFT CIRCUMFLEX ARTERY,4
ENDOSCOPIC FINDINGS,4
SPECIFICATION,4
LONG-TERM GOALS,4
PATIENT GOAL,4
SHORT-TERM GOALS,4
INTERIM HISTORY,4
RADIOLOGICAL DATA,4
GYNECOLOGICAL HISTORY,4
TOTAL RECORDING TIME,4
TIME SEEN,4
REPORT,4
RIGHT,4
LEFT,4
STRESS TECHNIQUE,4
BASELINE EKG,4
NUCLEAR PROTOCOL,4
NUCLEAR RESULTS,4
T3-4,4
ANA 1,4
PMH/FHX/SHX,4
LEFT LOWER EXTREMITY,4
DIMENSIONS,4
IN SUMMARY,4
BIRTH HX,4
COMPARISON EXAM,4
STATION,4
CHILDREN,4
PAST AND DEVELOPMENTAL HISTORY,4
SUMMARY OF TREATMENT PLANNING,4
SUBSTANCE ABUSE HISTORY,4
DISCHARGE FOLLOWUP,4
PSYCHIATRY,4
SPEECH,4
INSIGHT,4
JUDGMENT,4
THOUGHT CONTENT,4
DSM IV DIAGNOSES,4
FOLLOW-UP,4
PRESENTING PROBLEMS,4
APPEARANCE,4
SPECIAL TESTS,4
ACTIVE RANGE OF MOTION,4
MEDICAL IMAGING,4
FUNCTIONAL ACTIVITIES AND HOBBIES,4
DIETARY,4
DEVELOPMENTAL ASSESSMENT,4
MATERNAL HISTORY,4
PRENATAL CARE,4
BREATHING,4
ANUS,4
MUSCLE TONE,4
RESPIRATIONS,4
PEDIATRIC ONCOLOGY ATTENDING,4
INVESTIGATION,4
DATA REVIEWED,4
INSTRUCTIONS,4
CHART REVIEW,4
FOLLOW-UP APPOINTMENT,4
OD,4
OS,4
EARS/NOSE,4
LIPS/TEETH/GUMS,4
OROPHARYNX,4
BLOOD TRANSFUSIONS,4
SIGNIFICANT LAB AND X-RAY,4
HOSPITAL COURSE AND TREATMENT,4
FAMILY HX,4
MEDICATIONS PRESCRIBED,4
BRIEF HISTORY AND PHYSICAL,4
NEUROLOGIC EXAMINATION,4
PLAN AND RECOMMENDATIONS,4
GENERAL PHYSICAL EXAMINATION,4
NEUROLOGICAL EXAM,4
II,4
IMPRESSION DIAGNOSIS,4
FAMILY HISTORY AND SOCIAL HISTORY,4
PAST MEDICAL/SURGICAL HISTORY,4
DIFFERENTIAL DIAGNOSIS,4
HAIR AND SKIN,4
FH,4
OBSERVATIONS,4
LYMPH SYSTEM,4
ASSESSMENT AND EVALUATION,4
ABD,4
CODE STATUS,4
RESTRAINTS,4
LABORATORY TESTS,4
DATE OF ADMISSION,4
DATE OF DISCHARGE,4
PROCEDURES DONE,4
MEDICATIONS ON DISCHARGE,4
REASON FOR THE CONSULT,4
ENDOCRINE/HEMATOLOGIC,4
PREVIOUS OPERATIONS,4
PREVIOUS INJURIES,4
ENMT,4
GU/RECTAL,4
WORKUP,4
RADIOGRAPHIC DATA,4
ADDENDUM,4
ASSESSMENT AND RECOMMENDATIONS,4
OTOSCOPY,4
ROMBERG TEST,4
DIX-HALLPIKE,4
PSYCHOLOGIC,4
LABORATORY AND DIAGNOSTIC DATA,4
DATA,4
MEDICATION CHANGES,4
PSYCHOLOGICAL HISTORY,4
POST-OPERATIVE DIAGNOSIS,3
MEDICATION ALLERGIES,3
PERTINENT LABORATORIES,3
PRE-PROCEDURE DIAGNOSIS,3
POST-PROCEDURE DIAGNOSIS,3
INDICATIONS OF THE PROCEDURE,3
PROCEDURE AND TECHNIQUE,3
BRIEF HISTORY AND INDICATION FOR OPERATION,3
MATERIAL,3
POST PROCEDURE DIAGNOSIS,3
CROSS-CLAMP TIME,3
CARDIOPULMONARY BYPASS TIME MONITOR,3
PREOPERATIVE INDICATIONS,3
CULTURES TAKEN,3
SEDATION,3
SURGICAL PROGNOSIS,3
SPONGE AND NEEDLE COUNTS,3
CELL SAVER RETURNED,3
PRE AND POSTOPERATIVE DIAGNOSIS,3
ACCESS SITE,3
SHEATH SIZE,3
CONTRAST TYPE,3
CONTRAST VOLUME,3
ANESTHESIA/SEDATION,3
BLOOD PRODUCTS RECEIVED,3
SPECIMENS SENT,3
OPERATING MICROSCOPE,3
TYPE OF OPERATION,3
ICD9 CODE(S),3
POSTPROCEDURE DIAGNOSES,3
PREOP DX,3
POSTOP DX,3
SPONGE COUNT,3
PREOPERATIVE MEDICATIONS,3
SUBMENTAL SUCTION ASSISTED LIPECTOMY,3
FACE LIFT,3
PATIENT PROFILE,3
DRAINS / DRESSING,3
PATHOLOGICAL FINDINGS,3
FIRST ASSISTANT,3
ANESTHESIOLOGY,3
PATIENT STATUS,3
SUMMARY OF SURGERY IN DETAIL,3
PRIMARY OPERATIVE PROCEDURE,3
PREOPERATIVE NOTE,3
BACKGROUND INFORMATION AND SURGICAL INDICATIONS,3
TUBES AND DRAINS LEFT IN PLACE,3
SPECIMEN SENT TO PATHOLOGY,3
SHORT-TERM GOALS (6 WEEKS),3
LONG-TERM GOALS (8 WEEKS),3
ASSESSMENT & PLAN,3
TESTING OF STATION AND GAIT,3
DIABETES MEDICATIONS,3
OTHER MEDICATIONS,3
REASON FOR FOLLOWUP,3
DETAILS,3
MRI L-SPINE,3
CORD,3
L4-L5,3
L3-L4,3
L2-L3,3
L1-L2,3
LE,3
CN II-XII,3
STATION/GAIT/COORD,3
EMG/NCV,3
RIGHT BICEPS,3
RIGHT TRICEPS,3
EXTENSOR DIGITORUM,3
FIRST DORSAL INTEROSSEOUS,3
RIGHT ABDUCTOR POLLICIS BREVIS,3
FLEXOR CARPI ULNARIS,3
LEFT FIRST DORSAL INTEROSSEOUS,3
LEFT EXTENSOR DIGITORUM,3
RIGHT VASTUS MEDIALIS,3
ANTERIOR TIBIALIS,3
RIGHT GASTROCNEMIUS,3
LEFT GASTROCNEMIUS,3
LEFT VASTUS MEDIALIS,3
REFERRING DIAGNOSIS,3
PERTINENT HISTORY AND EXAMINATION,3
L1-2,3
FACIAL BONES,3
CERVICAL SPINE,3
TATTOOS,3
IDENTIFICATION OF PATIENT,3
SUBSTANCE ABUSE,3
CURRENT FUNCTIONING,3
PROBLEMS AND ISSUES,3
BRIEF SUMMARY & IMPRESSIONS,3
TESTS ADMINISTERED,3
PAST PSYCHIATRIC REVIEW OF SYSTEMS,3
IMPRESSIONS,3
DRUG HISTORY,3
PSYCHOSOCIAL STATUS,3
INITIAL TREATMENT AND PLAN,3
PRIMARY MEDICAL HISTORY,3
FUNCTIONAL HISTORY,3
DISCHARGE SUMMARY,3
PREGNANCY DELIVERY AND NURSERY COURSE,3
SIGNIFICANT ILLNESS AND REVIEW OF SYSTEMS,3
IMMUNIZATION,3
ASSOCIATED SIGNS AND SYMPTOMS FOR OTITIS MEDIA,3
EDUCATIONAL MATERIAL PROVIDED,3
INDICATION FOR CONSULTATION,3
CONDITION OF THE PATIENT AT DISCHARGE,3
DISCHARGE ACTIVITIES,3
PAST LABORATORY EVALUATION,3
BIRTH AND DEVELOPMENTAL HISTORY,3
SMOKING EXPOSURE,3
PRIOR HOSPITALIZATIONS,3
DEVELOPMENT,3
PREPROCEDURE PREPARATION,3
HPI - WORKERS COMP,3
OSWESTRY PAIN INVENTORY,3
SUMMARY OF DIAGNOSTIC IMAGING,3
VEHICULAR TRAUMA HISTORY,3
NECK AND LOWER BACK PAIN HISTORY,3
DISCUSSION AND PLAN,3
EYE EXAM,3
NERVOUS SYSTEM,3
ALLERGIC/LYMPH,3
RHEUMATOLOGIC,3
GENITOURINARY (FEMALE),3
GENITOURINARY (MALE),3
MUSCULOSKELETAL/EXTREMITIES,3
SKIN EXAMINATION,3
MUSCULOSKELETAL EXAMINATION,3
GENERAL/CONSTITUTIONAL,3
SKIN AND BREASTS,3
ALLERGIC/IMMUNOLOGIC,3
HEME/LYMPH,3
BONE,3
MUSCLE,3
JOINT EXAM,3
IMMUNOLOGIC,3
CONDITION ON TRANSFER,3
UROLOGIC,3
PHYSICAL EXAMINATION ON DISCHARGE,3
REASON FOR HOSPITALIZATION,3
PAST MEDICAL CONDITIONS,3
PLAN AND SUGGESTION,3
MPRESSION AND PLAN,3
CLAIM NUMBER,3
EXAMINING PHYSICIANS,3
SOCIO-ECONOMIC HISTORY,3
EXAMINING PHYSICIAN,3
HISTORY OF PRESENT INJURY,3
FILES REVIEW,3
OCCUPATION,3
HISTORY AND REASON FOR CONSULTATION,3
ASSESSMENT / PLAN,3
DIAGNOSES ON ADMISSION,3
ADDITIONAL LABORATORY STUDIES,3
PREVENTIVE CARE,3
LABORATORY DATA UPON ADMISSION,3
INTERNAL EXAMINATION,3
INITIAL STUDIES,2
BRIEF HOSPITAL COURSE SUMMARY,2
FINDINGS & INDICATIONS,2
INDICATIONS OF OPERATION,2
DESCRIPTION OF THE CASE,2
SICK CONTACTS,2
INDICATIONS OF SURGERY,2
FIRST SECOND ANESTHESIA,2
PAIN ASSESSMENT,2
DIGITAL RECTAL EXAMINATION,2
GENITAL,2
NARES,2
DIAGNOSTIC OPINION,2
MICROSCOPIC DESCRIPTION,2
FLUID RECEIVED,2
INDICATIONS AND CONSENT,2
DETAIL OF THE OPERATION,2
INDICATIONS AND STUDIES,2
BRACHYTHERAPY,2
CATHETERIZED URINE,2
FINDINGS AT TIME OF SURGERY,2
RESECTION TIME,2
DISCHARGE FOLLOWUP PLANNING,2
PREOPERATIVE FINDINGS,2
IMPLANT DEVICE,2
VENTRICLE LEAD,2
BRADY PARAMETER SETTINGS ARE AS FOLLOWS,2
STIMULATION THRESHOLDS,2
FINDINGS OF THE OPERATION,2
THIRD ANESTHESIA,2
IMPLANT USED FOR PROCEDURE,2
IMPLANT SPECIFICATION,2
AORTIC CROSS-CLAMP TIME,2
CARDIOPULMONARY BYPASS TIME TOTAL,2
SURGICAL PROCEDURE PERFORMED,2
SKIN PREP,2
PROCEDURE TECHNIQUE,2
OPERATION/PROCEDURE,2
CATHETERS,2
PROCEDURE PERFORMED IN DETAIL,2
IV FLUID,2
SECOND ANESTHESIA,2
OPEN STAMM GASTROSTOMY,2
SUCCESSFUL STENTING,2
THORACIC SPINE,2
LUMBAR SPINE/SACRO-ILIAC JOINTS,2
DISCHARGE PRESCRIPTIONS,2
IMPLANT,2
MONITORING,2
PREOPERATIVE DIAGNOSIS AND INDICATIONS,2
POSTOPERATIVE DIAGNOSIS AND SUMMARY,2
DESCRIPTION OF THE PROCEDURE IN DETAIL,2
OPERATIVE DIAGNOSES,2
PROCEDURE AND FINDINGS,2
REPLACEMENTS,2
PREOP DIAGNOSES,2
DRAINS AND TUBES,2
LOCAL,2
PHACOEMULSIFICATION TIME,2
INTRAOCULAR LENS,2
PHACO TIME,2
ANESTHESIA TYPE,2
IOL,2
EQUIPMENT,2
PACEMAKER DATA (GENERATOR DATA),2
LEAD INFORMATION,2
VENTRICULAR LEAD,2
PACING AND SENSING THRESHOLDS,2
PARAMETER SETTINGS,2
PROCEDURE AND GROSS FINDINGS,2
LEADS IMPLANTED,2
DEVICE IMPLANTED,2
LEAD PERFORMANCE,2
MEASURED INTRAOPERATIVE DATA,2
TIME OUT,2
OPERATIVE NARRATIVE,2
CLOSURE,2
POSTOP PLAN,2
CLINICAL SUMMARY,2
TIMES,2
BRIEF HISTORY AND INDICATION FOR PROCEDURE,2
INTRAOPERATIVE FLUIDS,2
FLUID REPLACEMENT,2
POSTOPERATIVE,2
HISTORY AND INDICATIONS,2
TRANSFUSIONS,2
ANALGESIA,2
POST-PROCEDURE COURSE AND DISPOSITION,2
BRIEF DESCRIPTION,2
COMPONENTS USED,2
FIRST ANESTHESIA,2
MATERIALS,2
DRESSINGS,2
SCHEDULING,2
INDICATIONS AND CONCERNS,2
OPERATIVE TIME,2
ANESTHESIA TIME,2
INTRAVENOUS FLUID,2
TYPE OF ANESTHESIA,2
DESCRIPTION OF SPECIMEN,2
POSTOPERATIVE CONDITION,2
AORTIC VALVE,2
LV GRAM,2
RAMUS INTERMEDIUS,2
LCX,2
HARDWARE SPECIFICATIONS,2
LEFT MAIN CORONARY,2
CIRCUMFLEX CORONARY ARTERY,2
SAPHENOUS VEIN GRAFT TO THE DIAGONAL BRANCH,2
SAPHENOUS VEIN GRAFT TO THE OBTUSE MARGINAL SYSTEM,2
SAPHENOUS VEIN GRAFT TO RIGHT CORONARY ARTERY,2
LEFT INTERNAL MAMMARY ARTERY ANGIOGRAPHY,2
CRYSTALLOIDS GIVEN,2
CORONARIES,2
ANGIOPLASTY,2
LEFT HEART PRESSURES,2
LEFT MAIN ARTERY,2
CORONARY ANGIOGRAPHY,2
AORTOGRAM,2
STENT,2
CORONARY ARTERIES,2
OTHER PREPARATION,2
PREOPERATIVE/POSTOPERATIVE DIAGNOSES,2
SAMPLES,2
ENDOSCOPIC DIAGNOSIS,2
ABDOMINAL AORTOGRAM,2
PRIMARY DIAGNOSIS,2
OPERATIVE NOTE IN DETAIL,2
NARRATIVE OF PROCEDURE,2
PROCEDURE INDICATION,2
INTRAOPERATIVE FINDING,2
LOCAL ANESTHETIC,2
STOMACH,2
DUODENUM,2
POSTOPERATIVE FINDINGS,2
ESOPHAGOGASTRODUODENOSCOPY,2
COLONOSCOPY,2
BRIEF CLINICAL NOTE,2
PROCEDURES PLANNED AND PERFORMED,2
TOTAL FLUID,2
BLOOD REPLACED,2
CRYSTALLOID GIVEN,2
DRAIN (S),2
NARRATIVE OF DELIVERY,2
STIMULATION THRESHOLDS ARE AS FOLLOWS,2
LEFT KIDNEY MASS,2
ANATOMY,2
OPERATIVE COURSE,2
POSTPROCEDURE CONDITION,2
DIFFICULTY,2
PREMEDICATION AND SEDATION,2
CPT CODE(S),2
ENDOSCOPE USED,2
SUMMARY OF FINDINGS,2
REPORT OF PROCEDURE,2
WITHDRAWAL TIME,2
IMMEDIATE COMPLICATIONS,2
REASON FOR CATHETERIZATION,2
IV SEDATION,2
FINDINGS/SPECIMENS REMOVED,2
OPERATIVE PROCEDURE PERFORMED,2
INDICATION FOR THE OPERATION,2
CONCLUSIONS / FINAL DIAGNOSES,2
TITLE OF THE PROCEDURE,2
INSTRUMENTS,2
PRECATHETERIZATION DIAGNOSIS (ES),2
POSTCATHETERIZATION DIAGNOSIS (ES),2
PROCEDURE (S),2
I. PROCEDURES,2
II. PRESSURES,2
III. OXIMETRY,2
IV. SPECIAL PROCEDURE (S),2
V. CALCULATIONS,2
VI. ANGIOGRAPHY,2
AORTA ARCH ANGIOGRAM,2
ANALYSIS OF PRESSURE DATA,2
ANALYSIS OF ANGIOGRAMS,2
SELECTIVE SUBCLAVIAN ANGIOGRAPHY,2
ANGIOGRAPHIC DETAILS,2
ANGIOPLASTY CONCLUSION,2
TOTAL MEDICATIONS DURING PROCEDURE,2
CONTRAST ADMINISTERED,2
PROCEDURE MEDICATIONS,2
ACCESS METHOD,2
DEVICES USED,2
FINDINGS/INTERVENTIONS,2
TOTAL CONTRAST,2
TOTAL FLUOROSCOPY TIME,2
GRAFTS PERFORMED,2
FINDINGS DURING THE PROCEDURE,2
OPERATION PROCEDURE,2
DISCHARGE,2
CRYSTALLOIDS,2
URINARY OUTPUT,2
DESCRIPTION OF OPERATIONS,2
BREAST,2
JUSTIFICATION,2
STATEMENT OF MEDICAL NECESSITY,2
PREOPERATIVE INJECTABLES,2
LIGAMENTS / CAPSULE,2
LABRUM,2
ROTATOR CUFF,2
JOINT,2
INCISION TYPE,2
INSTRUMENTS AND METHODS,2
PATHOLOGY SPECIMEN,2
WOUND CLOSURE,2
SPONGE / INSTRUMENT / NEEDLE COUNTS,2
HARDWARE USED,2
INCISION,2
CONSENT FORM,2
TOTAL BLOOD LOSS FROM TONSILLECTOMY,2
TOTAL BLOOD LOSS FROM ADENOIDECTOMY,2
LEFT ANTERIOR DESCENDING,2
RIGHT HEART FINDINGS,2
FINDINGS/SPECIMEN,2
MEDICAL DIAGNOSIS,2
SPEECH AND LANGUAGE THERAPY DIAGNOSIS,2
SHORT-TERM GOALS (8 WEEKS),2
SHORT-TERM GOALS (12 WEEKS),2
ADDITIONAL GOALS,2
ORAL MECHANISM EXAMINATION,2
SHORT-TERM GOALS (THREE WEEKS),2
LONG-TERM GOAL (FOUR WEEKS),2
NUMBER OF SESSIONS COMPLETED,2
PSYCHE,2
HISTORY OF THE PRESENT ILLNESS,2
VISCOSUPPLEMENTATION IN PAST,2
VAS PAIN SCORE,2
WOMAC SCORE,2
A-1 WOMAC SCORE,2
CV - RESP,2
PRINCIPAL DIAGNOSES,2
CHART NOTE,2
SOCIOECONOMIC STATUS,2
WT,2
PAST MEDICAL HISTORY / SURGERY / HOSPITALIZATIONS,2
FAMILY HISTORY / PERSONAL HISTORY,2
MEDICATION COMPLIANCE,2
DRUG INTOLERANCE,2
SEXUAL HISTORY,2
MENTAL HEALTH AND SUBSTANCE ABUSE,2
ADVANCED DIRECTIVE,2
REASON FOR RETURN VISIT,2
LAB STUDIES,2
PAST MEDICAL/SURGICAL/SOCIAL HISTORY,2
PREVENTATIVE HISTORY,2
AND NAILS,2
LABORATORY DATABASE,2
CLINICAL INFORMATION,2
SLEEP QUESTIONNAIRE,2
STUDY PROTOCOL,2
TECHNICAL QUALITY OF STUDY,2
ELECTROPHYSIOLOGIC MEASUREMENTS,2
RESPIRATORY MEASUREMENTS,2
ELECTROCARDIOGRAPHIC OBSERVATIONS,2
AXIS C,2
BACKGROUND ACTIVITY,2
ACTIVATION PROCEDURES,2
SLEEP PATTERNS,2
DESCRIPTION OF RECORD,2
ARTICULAR,2
JOINTS,2
CI (BPD/OFD),2
FL/BPD,2
FL/HC,2
HC/AC,2
GESTATIONAL AGE BY CURRENT ULTRASOUND,2
FETAL WEIGHT BY CURRENT ULTRASOUND,2
ESTIMATED FETAL WEIGHT PERCENTILE,2
EDD BY CURRENT ULTRASOUND,2
GESTATIONAL AGE BY DATES,2
L M P,2
EDD BY DATES,2
DATE OF PREVIOUS ULTRASOUND,2
EDD BY PREVIOUS ULTRASOUND,2
FETAL ANATOMY,2
BIOMETRIC DATA,2
ESTIMATED DATE OF DELIVERY,2
PARAMETRIC DATA,2
FETAL BIOMETRY,2
VERTEBRALS,2
PROCEDURES IN DETAIL,2
PROTOCOL,2
PERTINENT MEDICATION,2
REASON FOR TEST,2
IMAGE TECHNIQUE,2
IMAGE ANALYSIS,2
EXERCISE RESULTS,2
REGIONAL MYOCARDIAL PERFUSION WITH ADENOSINE PROVOCATION,2
PERTINENT MEDICATIONS,2
HCT 11/4/92,2
MOTOR/SENSORY,2
MEDS ON ADMISSION,2
COORD/STATION,2
REASON FOR THE EXAM,2
MYOVIEW INTERPRETATION,2
NUCLEAR MYOCARDIAL PERFUSION SCAN WITH STANDARD PROTOCOL,2
REASON FOR THE TEST,2
RIGHT LOWER EXTREMITY,2
ELECTROPHYSIOLOGICAL FINDINGS,2
TECHNICAL SUMMARY,2
HYPERVENTILATION,2
PHOTIC STIMULATION,2
SLEEP,2
INDUCED EVENT,2
ECHOCARDIOGRAPHIC DIAGNOSES,2
RIGHT LEG,2
LEFT LEG,2
INTERPRETATION OF IMAGES,2
SYMPTOM,2
COMPARISON EXAMINATION,2
REASON FOR CT SCAN,2
STUDIES/COURSE,2
COMPARISON STUDIES,2
HEART RATE AFTER MEDICATION,2
TECHNICAL QUALITY,2
NONCORONARY CARDIAC STRUCTURE,2
CARDIAC VALVES,2
PERICARDIUM,2
GREAT VESSELS,2
MEDIASTINUM AND CHEST WALL,2
CORONARY CTA,2
ANCILLARY FINDINGS,2
HEART RATE,2
QUALITY ASSESSMENT,2
FUNCTIONAL ANALYSIS,2
ANATOMIC ANALYSIS,2
LM,2
CX,2
PERSANTINE RESULTS,2
CLINICAL DATA,2
RIGHT CAROTID SYSTEM,2
LEFT CAROTID SYSTEM,2
SPECIMENS REMOVED,2
NEUROPSYCHOLOGICAL TESTING,2
DAILY ACTIVITIES AND FUNCTIONING,2
TREATMENT AND IMPACT OF DISEASE,2
TRANSPLANT FIRST MENTIONED AS TREATMENT OPTION,2
EMOTIONAL REACTION TO DIAGNOSIS AND TREATMENT COURSE,2
OTHER SIGNIFICANT MEDICAL HISTORY/SURGERIES,2
COPING STRATEGIES,2
COMPLIANCE,2
PAST AND PRESENT SMOKING,2
PAST AND PRESENT ALCOHOL USE,2
PAST AND PRESENT DRUG USE,2
LEGAL ISSUES,2
MARITAL STATUS,2
AGE AND HEALTH OF SPOUSE,2
FATHER,2
MOTHER,2
SIBLINGS,2
PREVIOUS MARRIAGES AND DURATION OF EACH,2
PERSONS LIVING IN HOUSEHOLD,2
HIGHEST LEVEL OF EDUCATION,2
MILITARY SERVICE,2
DRUG USE,2
FAMILY AND SUPPORT SYSTEMS,2
NAME OF SPOUSE/PARTNER,2
AGE AND HEALTH OF SPOUSE/PARTNER,2
POST-SURGICAL HOUSING PLAN,2
CURRENT OCCUPATION,2
PAID OFF TIME,2
SUPPORTIVE ENVIRONMENT,2
IDENTIFIED PROBLEMS/OUTCOMES,2
DISCHARGE DISPOSITION,2
CONDITION OF PATIENT ON DISCHARGE,2
MENTAL STATUS AT THE TIME OF DISCHARGE,2
DEVELOPMENTAL MILESTONES,2
WORK HISTORY,2
MEDICATIONS OUTPATIENT,2
MEDICATIONS INPATIENT,2
BEHAVIOR,2
THOUGHT PROCESSES,2
THOUGHT CONTENTS,2
CHIEF COMPLAINT AND/OR REACTION TO HOSPITALIZATION,2
EPS/TD,2
PAST SURGERIES,2
SOCIAL/DEVELOPMENTAL HISTORY,2
MINI-MENTAL STATUS EXAM,2
PPH,2
SUBSTANCE HISTORY,2
EDUCATIONAL HISTORY,2
MSE,2
CHIEF COMPLAINT AND REACTION TO HOSPITALIZATION,2
P.R.N. MEDICATIONS,2
MOTOR ACTIVITY,2
ATTITUDE,2
ATTENTION AND CONCENTRATION,2
THOUGHT PROCESS,2
PERCEPTION,2
MEMORY,2
SENSORIUM,2
PRESENTING PROBLEM,2
CHEST/BACK/ABDOMEN,2
SOCIAL BACKGROUND,2
DSM-IV DIAGNOSES,2
PSYCHOMOTOR,2
EPS,2
COGNITIVE ASSESSMENT,2
JUDGMENT AND INSIGHT,2
ASSETS,2
LIMITATIONS,2
OUTPATIENT CARE,2
DEVELOPMENTAL BACKGROUND,2
RECOMMENDATIONS/PLAN,2
BACK EXAM,2
NEUROLOGIC EXAM,2
COMMUNICATION SKILLS,2
PHYSICAL STATUS,2
LEISURE LIFESTYLE,2
INFORMATION OBTAINED,2
GOALS,2
SHORT TERM GOALS/ONE WEEK GOALS,2
LONG TERM GOALS,2
BALANCE,2
SHORT TERM GOAL TO BE COMPLETED IN 4 WEEKS,2
LONG TERM GOAL TO BE ACHIEVED IN 8 WEEKS,2
FUNCTIONAL ACTIVITIES/HOBBIES,2
JOINT PLAY,2
SHORT-TERM GOALS TO BE COMPLETED IN 3 WEEKS,2
LONG-TERM GOALS TO BE COMPLETED IN 6 WEEKS,2
MEDICAL DIAGNOSTICS,2
INSPECTION,2
RANGE OF MOTION,2
FUNCTIONAL MOBILITY,2
INTERVENTIONS INCLUDE,2
LONG-TERM GOALS TO BE ACHIEVED IN 4 WEEKS,2
LONG-TERM GOALS TO BE ACHIEVED IN 8 WEEKS,2
PROGNOSIS TO THE ABOVE-STATED GOALS,2
DIAGNOSTIC IMAGERY,2
SHORT-TERM GOALS TO BE ACHIEVED IN TWO WEEKS,2
LONG-TERM GOALS TO BE ACCOMPLISHED IN ONE MONTH,2
NEUROLOGICAL SYMPTOMS,2
ACTIVE RANGE OF MOTION OF LUMBAR SPINE,2
SHORT-TERM GOALS TO BE COMPLETED IN THREE WEEKS,2
LONG-TERM GOALS TO BE COMPLETED IN SIX WEEKS,2
SESSION PLAN,2
GU EXAM,2
OTHER ACTIVITIES,2
HISTORY OF ILLNESS,2
CHIEF COMPLAINT AND IDENTIFICATION,2
DEVELOPMENT HISTORY,2
FEEDING AND NUTRITION,2
HYPOGLYCEMIA,2
INFECTIOUS DISEASE,2
HEMATOLOGY,2
OPHTHALMOLOGY,2
INFORMANT,2
HOSPITALIZATIONS,2
MEASUREMENTS,2
INFECTIOUS DISEASE/PULMONARY,2
PAST MEDICAL/BIRTH HISTORY,2
ELIMINATION,2
FAMILY HISTORY/SOCIAL HISTORY,2
MEDICATION (S),2
AND THROAT/GENERAL,2
GENITOURINARY/RECTAL,2
CLINICAL IMPRESSION (S),2
EAR,2
EPIDUROGRAM,2
PAST HEALTH,2
FUNCTIONAL INQUIRY,2
REVIEW OF DIAGNOSTIC STUDIES,2
ACTIVITY AND LIMITATIONS,2
COURSE ON ADMISSION,2
HPI - LUMBAR SPINE,2
PAST SPINE HISTORY,2
PRESENT LUMBAR SYMPTOMS,2
PRESENT RIGHT LEG SYMPTOMS,2
PRESENT LEFT LEG SYMPTOMS,2
NEUROLOGIC SIGNS/SYMPTOMS,2
INSTRUCTIONS GIVEN TO THE PATIENT AT THE TIME OF DISCHARGE,2
NEUROVASCULAR,2
DISCHARGE INSTRUCTIONS AND MEDICATIONS,2
PRIOR SURGERIES,2
IV MEDICATIONS FOR PAIN,2
RECREATIONAL PURSUITS,2
INTRODUCTION,2
HISTORY OF INDUSTRIAL INJURY,2
SOCIOECONOMIC HISTORY,2
EVALUATION/TREATMENT PLAN,2
SECONDARY DIAGNOSES PRIOR TO HOSPITALIZATION,2
POSTOP COMORBIDITIES,2
HISTORY OF PRESENT ILLNESS AND HOSPITAL COURSE,2
PREDISCHARGE LABORATORY FINDINGS,2
INVASIVE LINES,2
SOCIAL HISTORY & REVIEW OF SYSTEMS,2
X-RAY INTERPRETATION,2
PLAN/TREATMENT,2
PAST MEDICAL CONDITION,2
MEDICAL RECORD REVIEW,2
EVALUATION/RECOMMENDATION,2
BRIEF HISTORY OF HOSPITAL COURSE,2
DIAGNOSTIC TEST,2
MORBIDITY/MORTALITY,2
COMPLEXITY,2
PAST OCULAR HISTORY,2
OCULAR FINDINGS,2
IOP,2
VISUAL ACUITY,2
REFRACTION,2
OU,2
DIAGNOSES PROBLEMS,2
HISTORY FINDINGS HOSPITAL COURSE,2
FOLLOWUP CARE,2
PAST MEDICATION HISTORY,2
TETANUS STATUS,2
TEST DONE,2
INFECTIONS,2
OB HX,2
ABNORMAL PAP HISTORY,2
PELVIC PAIN HISTORY,2
VAGINITIS HISTORY,2
PERSONAL / SOCIAL HISTORY,2
LAB / TESTS,2
HEALTH HABITS,2
COUNSELING,2
LABORATORY DATA AND DIAGNOSTIC STUDIES,2
INFECTION,2
PRELIMINARY DIAGNOSES,2
SOURCE OF HISTORY,2
REVIEW OF HYDROCEPHALUS RISK FACTORS,2
AND PAST MEDICAL HISTORY,2
IMPRESSION ON 2/6/89,2
MRI 1995,2
SENSATION,2
REVIEW OF OUTSIDE RECORDS,2
HEADACHE HISTORY,2
PERSONAL/SOCIAL HISTORY,2
NEUROLOGIC DRUG HISTORY,2
OTHER TREATMENT,2
RATIONALE FOR TREATMENT PLAN,2
FOLLOW UP INSTRUCTIONS,2
ADMIT EXAM,2
OTHER,2
OUTSIDE RECORDS,2
PAST MEDICAL/FAMILY/SOCIAL HISTORY,2
FALL RISK ASSESSMENT,2
PERTINENT FINDINGS,2
REVIEW OF OUTSIDE RADIOLOGICAL STUDIES,2
VI,2
VII,2
VIII,2
IX & X,2
XI,2
XII,2
MOTOR EXAM,2
SENSORY EXAM,2
DISCUSSION/PLAN,2
INPATIENT MEDICATIONS,2
PERTINENT LABORATORY DATA,2
COURSE IN HOSPITAL,2
IMMUNOHISTOCHEMICAL STUDIES,2
VACCINATIONS,2
HISTORY OF INJURY AND PRESENT COMPLAINTS,2
REQUESTED ALLOWANCE,2
TREATMENT HISTORY,2
REQUESTING PARTY,2
MEDICAL RECORDS REVIEW,2
CONTESTED CONDITIONS,2
RECORDS REVIEWED,2
TREATMENT / PROCEDURE,2
PLAN / RECOMMENDATIONS,2
FACTORS FOR DISABILITY,2
LOSS OF PRE-INJURY CAPACITY,2
WORK RESTRICTIONS AND DISABILITY,2
CAUSATION AND APPORTIONMENT,2
ALLOWED CONDITION,2
DISALLOWED CONDITION,2
IMAGINING DATA,2
BREAST CANCER HISTORY,2
STAGE,2
TNM STAGE,2
SCREENING TEST HISTORY,2
OPERATIONS AND PROCEDURES,2
SOCH,2
REVIEW OF SYSTEMS REVEALS,2
RECOMMENDED THERAPY,2
OBJECTIVE FINDINGS,2
DERM,2
GYNECOLOGIC HISTORY,2
PROCEDURE PERFORMED DURING THIS HOSPITALIZATION,2
PAST OBSTETRICAL HISTORY,2
PAST GYNECOLOGICAL HISTORY,2
PERIPHERAL VASCULAR,2
LAST TETANUS IMMUNIZATION,2
LAST MENSTRUAL PERIOD,2
RADIOLOGY STUDIES,2
ED STUDIES,2
CONSULT REQUEST FOR,2
VACCINATION STATUS,2
ASSESSMENT/PLAN/PROBLEMS,2
CHILDHOOD HISTORY,2
ADULT MEDICAL PROBLEMS,2
DATABASE,2
BLOOD STUDIES,2
LABORATORY AT PRESENTATION,2
SH,2
MUSCLES,2
LABORATORY AND X-RAY DATA,2
PAST MEDICAL HISTORY/SOCIAL HISTORY/FAMILY HISTORY,2
BREAST EXAM,2
MEDICATIONS/ALLERGIES,2
OVERALL NEUROLOGICAL,2
LAB DATA,2
LABS DONE AT THE TIME OF ADMISSION,2
PAST MEDICAL HISTORY AND REVIEW OF SYSTEMS,2
IMPRESSION AT THIS TIME,2
HEMATOLOGY AND IMMUNE,2
SKIN AND INTEGUMENTS,2
PROBLEMS,2
CURRENT HOME MEDICATIONS,2
LAB TESTS,2
HISTORY AND CLINICAL DATA,2
DIAGNOSTIC AND LABORATORY DATA,2
OVERALL IMPRESSION,2
PSYCHOLOGICAL EXAMINATION,2
I/O,2
AXR,2
TEE,2
PULM,2
STUDIES (HISTORICAL),2
ERCP,2
VS,2
SOCIAL/FAMILY HISTORY,2
MEDICAL PROBLEM LIST,2
CURRENT MEDICINES,2
CURRENT WORK STATUS,2
ECHO,2
PAST MEDICAL HISTORY AND SURGICAL HISTORY,2
PREVIOUS SURGICAL HISTORY,2
PRINCIPAL PROCEDURES,2
DISCHARGE DATE,2
DISCHARGE EXAM,2
RIGHT GROIN,2
DISCHARGE LABS,2
REFERRING PHYSICIAN,2
ATTENDING PHYSICIAN AT DISCHARGE,2
ATTENDING PHYSICIAN,2
CONSULTING SERVICES,2
CONDITION AT DISCHARGE,2
CLINICAL RESUME,2
MEDICATIONS AND ADVICE ON DISCHARGE,2
ADMISSION DIAGNOSIS (ES),2
DISCHARGE DIAGNOSIS (ES),2
BRIEF HOSPITAL COURSE,2
TRANSFER INSTRUCTIONS,2
BRIEF SUMMARY OF HOSPITAL COURSE,2
PHYSICAL EXAMINATION AT THE TIME OF DISCHARGE,2
INSTRUCTIONS FOR FOLLOWUP,2
PRIMARY DISCHARGE DIAGNOSES,2
SECONDARY DISCHARGE DIAGNOSES,2
HOSPITAL COURSE SUMMARY,2
BACK AND EXTREMITY,2
ASSESSMENT AND DISCHARGE PLAN,2
ADMISSION SUMMARY,2
ADMISSION PHYSICAL,2
ADMISSION LABS,2
FINAL DIAGNOSIS/REASON FOR ADMISSION,2
HOSPITAL SUMMARY,2
SIGNIFICANT LABS AND X-RAYS,2
CONSULTATION,2
CONDITION AND TREATMENT,2
INSTRUCTIONS TO PATIENT,2
DIET ON DISCHARGE,2
ACTIVITY ON DISCHARGE,2
DISPOSITION ON DISCHARGE,2
HOSPITAL COURSE PER PROBLEM LIST,2
CURRENT HISTORY,2
LABORATORIES ON ADMISSION,2
LABORATORY RESULTS,2
MEDICINES,2
X-RAY AND LABORATORY DATA,2
RESPIRATION,2
ADDITIONAL DISCHARGE DIAGNOSES,2
HEALTH-RELATED BEHAVIORS,2
ACUTE HIV SEROCONVERSION,2
PERIRECTAL ABSCESS,2
REASON,2
GALL BLADDER HISTORY,2
OCCUPATIONAL /SOCIAL HISTORY,2
OB GYN HISTORY,2
BRIEF H&P AND HOSPITAL COURSE,2
DIAGNOSIS ON ADMISSION,2
IMAGING DATA,2
REVIEW OF SYMPTOMS,2
PRIOR MEDICAL HISTORY,2
RDW,2
CHEM 7,2
BUN,2
COAGULATION STUDIES,2
FRENZEL GLASSES EXAMINATION,2
HEAD SHAKING,2
SINUSITIS HISTORY,2
ROS ENT,2
PAST SOCIAL HISTORY,2
PREVIOUS MEDICATIONS UTILIZED,2
X-RAY / LAB FINDINGS,2
ALLERGY/IMMUNOLOGIC,2
REVIEW OF SYSTEM,2
REASON FOR THE VISIT,2
EMERGENCY DEPARTMENT LABS,2
AFTERCARE AND DISPOSITION,2
NEURO/PSYCHE,2
REVIEW OF BODY SYSTEMS,2
CRITICAL CARE NOTE,2
MEDICAL DECISION MAKING (DIFFERENTIAL DIAGNOSIS),2
COORDINATION OF CARE,2
CURRENT MEDS,2
HEAD AND NECK EXAMINATION,2
LABORATORY EXAMINATION,2
CHRONIC/INACTIVE CONDITIONS,2
PERSONAL/FAMILY/SOCIAL HISTORY/ILLNESSES,2
PLANS/RECOMMENDATIONS,2
DISCHARGE MEDICATIONS/INSTRUCTIONS,2
DIAGNOSES ON DISCHARGE,2
FOLLOWUP APPOINTMENTS,2
SPECIAL INSTRUCTIONS,2
CONSULT,2
CAUSE OF DEATH,2
NEW MEDICATIONS,2
ADMISSION PHYSICAL EXAMINATION,2
ADDITIONAL INSTRUCTIONS,2
REASON FOR TRANSFER,2
TRANSFER DIAGNOSES,2
ALLERGIC,2
ABDOMINAL,2
CARDIAC RISKS,2
DRUG SENSITIVITIES,2
DENTAL,2
PLAN/RECOMMENDATIONS,2
RADIOGRAPHIC STUDIES,2
DIAGNOSTIC IMAGING,2
NURSE,2
RESPIRATORY CARE,2
DIETICIAN,2
SOCIAL WORK,2
PRESENTATION HISTORY,2
HEENT AND NECK,2
CHEST PAIN / UNSPECIFIED ANGINA PECTORIS HISTORY,2
PALPITATIONS HISTORY,2
VALVULAR DISEASE HISTORY,2
OB-GYN HISTORY,2
IMPRESSION / DIAGNOSIS,2
TESTS ORDERED,2
MEDICATION PRESCRIBED,2
ECHOCARDIOGRAM (FOR SYNCOPE),2
OUTPATIENT MEDICATIONS,2
FUNCTIONAL CAPACITY,2
HEMATOLOGIC AND LYMPHATIC,2
LEGS,2
DIAGNOSTIC DATA/LAB DATA,2
ENDOCRINE/HEMATOLOGICAL,2
HEENT/NECK,2
SPIROMETRY,2
LUNG VOLUMES,2
DIFFUSION CAPACITY,2
FINAL INTERPRETATION,2
GENITOURINARY SYSTEM,2
ENDOCRINE SYSTEM,2
CLOTHING,2
BODY CAVITIES,2
RESPIRATORY SYSTEM,2
HEPATOBILIARY SYSTEM,2
HEMOLYMPHATIC SYSTEM,2
SKELETAL SYSTEM,2
RESPIRATORY SYSTEM--THROAT STRUCTURES,2
URINARY SYSTEM,2
FEMALE GENITAL SYSTEM,2
CEREBROSPINAL FLUID CULTURE AND SENSITIVITY,2
CEREBROSPINAL FLUID BACTERIAL ANTIGENS,2
MATERIAL FORWARDED TO THE LABORATORY FOR EXAMINATION,1
DETAILED OPERATIVE NOTE,1
RECURRENT COMPLICATIONS,1
INDICATIONS AND PROCEDURE IN DETAIL,1
OPERATIVE DETAILS,1
FINAL SPONGE AND NEEDLE COUNTS,1
SOCIAL,1
CASE DISCUSSION,1
EEG PARAMETERS,1
EKG PARAMETERS,1
EMG PARAMETERS,1
RESPIRATORY PARAMETERS,1
CPAP TITRATION STUDY,1
GENERAL OBSERVATIONS,1
HISTORY OF OTHER PERTINENT MEDICAL EVENTS,1
MENTAL HEALTH HISTORY,1
SUBSTANCE USE HISTORY,1
REFERRAL QUESTIONS,1
BACKGROUND INFORMATION,1
BEHAVIORAL OBSERVATIONS,1
ASSESSMENT RESULTS,1
SUMMARY AND RECOMMENDATIONS,1
MEDICAL HISTORY/REVIEW OF SYSTEMS,1
IDENTIFYING INFORMATION/REFERRAL DATA,1
REASON FOR ADMISSION/CHIEF COMPLAINT,1
TREATMENT/PSYCHIATRIC HISTORY,1
PERTINENT MEDICAL HISTORY,1
DEVELOPMENT AGE FACTORS,1
PERTINENT PSYCHOSOCIAL DATA,1
SCHOOL HISTORY,1
CHIEF COMPLAINT/HISTORY OF PRESENT ILLNESS,1
PAST TREATMENT AND/OR MEDICATIONS,1
PREGNANCY,1
PHYSICAL ABUSE,1
DISCIPLINE PROBLEMS,1
PAST DRUG AND ALCOHOL HISTORY,1
MEDICAL STATUS AND HISTORY,1
SCHOOL,1
RELATIONSHIPS,1
LEGAL,1
SUPPORT SYSTEMS,1
TALENTS AND GIFTS,1
STRENGTHS AND SUPPORTS,1
ABUSE HISTORY,1
PARENT/SIBLING RELATIONSHIP INFORMATION,1
HOBBIES/SPIRITUAL,1
EDUCATIONAL,1
BENDER-GESTALT TEST,1
BECK TESTING,1
REASON FOR REFERRAL/GENERAL OBSERVATIONS,1
PRESENT PROBLEMS,1
MENTAL STATUS EVALUATION,1
SUMMARY AND CONCLUSIONS,1
RECOMMENDATIONS/CAPABILITY,1
PATIENT TO RECOVERY ROOM,1
DISCHARGE ORDERS,1
CPT4 CODE(S),1
PRE-OPERATIVE DIAGNOSIS,1
INJECTATE INCLUDED,1
SURGEON,1
SPECIAL EQUIPMENT,1
ANESTHESIOLOGIST,1
INJECTATE USED,1
PRE-OP DIAGNOSES,1
POST-OP DIAGNOSES,1
POST-OP PLAN,1
POSTPROCEDURE EVALUATION,1
PROCEDURE PREPARATION,1
POSTPROCEDURE INSTRUCTIONS,1
RISKS VERSUS BENEFITS,1
PREPROCEDURE DIAGNOSES,1
REST,1
ICE,1
COMPRESSION,1
ELEVATION,1
CLINICAL/PHYSICAL EXAMINATION,1
HISTORY OF OCCUPATIONAL INJURY OR ILLNESS,1
SIGNIFICANT PAST MEDICAL AND SURGICAL HISTORY,1
CLINICAL ASSESSMENT AND FINDINGS,1
AND/OR IMAGING TESTS ORDERS & RESULTS,1
TO PREVENT THE SPREAD OF THE INFECTION,1
SEVERE PRE-ECLAMPSIA,1
ECLAMPSIA,1
RESTRICTING CAFFEINE,1
RESTRICTING SALT,1
MRI,1
CHEST X-RAY,1
CHEST CT SCAN,1
ABDOMINAL CT SCAN,1
TESTICULAR ULTRASOUND,1
FEMALE REVIEW OF SYSTEMS,1
CORONARY,1
NASAL EXAM,1
THROAT EXAM,1
NECK EXAM,1
GROSS NEUROLOGICAL EXAM,1
PELVIS,1
DETERMINATION,1
LABORATORY AT DISCHARGE,1
CAUSES,1
ACNE CAN BE BROUGHT ON OR MADE WORSE BY,1
OTHER TIPS THAT MAY HELP ACNE,1
MEDICATIONS THAT MAY BE PRESCRIBED TO HELP ACNE INCLUDE,1
TETRACYCLINE,1
CAUTIONS ON TETRACYCLINE,1
TYPE OF CONSULTATION,1
FUNCTIONAL STATUS,1
ACTIVITY OF DAILY LIVING,1
EQUIPMENT RECOMMENDATION,1
SUBJECTIVE COMPLAINTS,1
RADIOLOGY FINDINGS,1
CAUSATION,1
TREATMENT/PLAN,1
OXYGEN SATURATION ON ROOM AIR,1
HOLTER MONITOR SUMMARY ANALYSIS,1
IMPRESSION OF THE FINDINGS,1
REST ECHO,1
SUMMARY OF CLINICAL HISTORY,1
INTERNAL EXAMINATION (BODY CAVITIES),1
AORTA,1
RETICULOENDOTHELIAL SYSTEM,1
WHAT I LEARNED FROM THIS AUTOPSY,1
REMAINING UNANSWERED QUESTIONS,1
MANNER OF DEATH,1
EVIDENCE OF INJURY,1
EVIDENCE OF RECENT MEDICAL TREATMENT,1
OTHER IDENTIFYING FEATURES,1
SCARS,1
UROGENITAL SYSTEM,1
EVIDENCE OF THERAPEUTIC INTERVENTION,1
PRELIMINARY TOXICOLOGICAL RESULTS,1
MUSCULOSKELETAL SYSTEM,1
MICROSCOPIC EXAMINATION,1
LOWER LOBES,1
UTERUS,1
ACCESSORY SPLEEN,1
COLON,1
URINARY BLADDER,1
OVARIES,1
FALLOPIAN TUBES,1
VAGINA,1
ADRENAL GLANDS,1
GASTROSTOMY,1
LIVER,1
KIDNEYS,1
THYROID,1
PANCREAS,1
EPIGLOTTIS,1
RIGHT ARYEPIGLOTTIC FOLD,1
TOXICOLOGY,1
SEROLOGY,1
EVIDENCE COLLECTED,1
CLINOCOPATHOLIGICAL CORRELATION,1
EXTERNAL EVIDENCE OF INJURY,1
REMAINDER OF EXTERNAL EXAMINATION,1
INTERNAL EXAM,1
MEDIASTINUM,1
AORTA AND VENA CAVA,1
SPLEEN,1
ADRENALS,1
